German,French
Der schärfste Geist in der Stadt!,Tu sais que je suis le meilleur fantôme.
Die Kraeturen sind über neun Fuss gross.,"Ces lézards nouveaux- nés mesurent plus de 2, 70 m."
"Magere kämpfen, bis sie Hamburger sind.",Les maigres sont coriaces.
"Hey, wie funktioniert 'n so was hier?",Comment ça marche?
"Scheiße, jetzt geht er zu weit.",ll est allé trop loin.
Ich will die Griechen zu einem Abkommen bewegen.,Je les convaincrai qu'il vaut mieux traiter avec nous.
"Merkt ihr nicht, dass die Kleine singt?",La petite dame essaie de chanter.
Ich spreche da wohl im Namen aller.,"Et, je crois que je parle pour nous tous, en disant ça!"
"Wenn Sie ins Krankenhaus fahren, lassen Sie bitte das Kostüm hier!","Si vous allez à l'hôpital, laissez le costume, s'il vous plait."
"Sie sollte bei ihrer Oma wohnen, drüben auf der Creekmore Avenue, was mich froh machte, weil sie viel näher war.","Elle est allée chez sa grand- mère, avenue Creekmore, ce qui m'a rendu heureux car c'était tout près."
"Guck dich um, was für ein Scheiss!",Et moi je suis ruiné!
Aber später hat sich alles geändert.,Il s'est passé quelque chose?
"Alabama, zusammen und boten mir einen Job an.","Comme j'avais été une star du football et un héros de guerre, et une célébrité nationale, et capitaine de crevettier, et diplômé, le conseil municipal de Greenbow en Alabama a décidé de se réunir pour m'offrir un bon job."
"Ja, das passt eher zu dir.",Tu y arriveras pas.
Also ist Kung- Fu einfach wundervoll!,Le kung- fu c'est merveilleux!
Ich behalte das als Arschloch- Steuer.,Je les garde comme taxe sur ta connerie.
"Wenn du dich beeilst, könnte es in deiner Zukunft eine Prinzessin geben.",Ce qui veut dire que si tu te dépéches il pourrait y avoir une princesse dans ton avenir.
Es brauchte jemanden der gütig zu mir war.,"Mais maintenant, c'est fini."
"Jetzt denken Sie mal nach und hören Sie auf, ein Klugscheißer zu sein.",Vous voulez esayer?
"Sie wissen, dass ich in der Partei bin.","Je suis membre du Parti, vous le savez!"
Das tat er alle sechs Jahre.,Il fait ça tous les 6 ans.
"Es gab keinen Prozess, keine Untersuchung.","Il n'y a eu aucun procès, aucune enquête."
"Hören Sie, ich geh am Wochenende klettern.",Viendrez- vous?
Ist dieser Siletsky wirklich eine Gefahr für Polen?,Ce Siletsky met- il vraiment la Pologne en danger?
Wir hätten uns nie darauf einlassen sollen.,Je l'avais dit que ça ne marcherait pas.
"Aufruhr entstand letzte Nacht in einigen Elektronikläden, die ausverkauft waren.","Hier, c'était l'émeute dans les magasins en rupture de stock."
"Kyoami, ist es nur ein Kaninchen?","Kyoami, est- ce un lapin?"
Machen Sie das selbe was sie macht?,"Alors, tu fais quoi?"
Warum riskieren wir das Leben für eine Prinzessin?,Pourquoi est- ce qu'on risque notre vie pour une princesse?
Zeichnen Sie bitte die Liste von Telefonaten ab.,Veuillez vérifier la note de téléphone.
"Wenn Euch das nicht passt, solltet lhr vielleicht besser umkehren und ihn um Entschuldigung bitten.","Si cela ne vous va pas, mieux vaudrait revenir chez lui et lui présenter vos excuses."
"Du bist ein Kotz- Beutel, weil du Barbara küsst'?","John, tu as embrassé Barbara, tu es une ordure""?"
lch passe. lm Moment trinke ich nichts.,Je ne bois pas.
Aber trotzdem... bist du nicht der Prinz auf dem weißen Pferd.,Mais tu n'es pas Exactement un prince charmant.
"Hör mal, versprichst du mir was, ja?","Promets- moi quelque chose, d'accord?"
"He, schau mir nicht unter die Dose.","Hey, arrète de regarder ma boite."
"Wenn er will, soll er stehen bleiben und sprechen!","S'il le désire, qu'il reste debout et qu'il parle!"
"Da ist ein Mann mit einem Bart, und Sie ziehen nicht mal daran!",Vous n'avez même pas tiré sur sa barbe.
"Ich will nicht wissen, woher Sie das haben!",Je ne veux pas savoir où ça vient.
"Wir sind in der Übermacht, vernichtet sie!","Ils sont si peu, écrasez- les!"
Ich wollte dem Richter einen Rolls Royce schenken!,"J'arrivais pas à y croire, je devrais offrir à ce juge une Rolls Royce!"
Der Unfall hielt dich von unserer Hochzeit ab?,C'est l'accident qui vous a empêche de venir au mariage?
"John, es tut mir so leid.",Je suis désolée.
"Moment, wenn man genau nachdenkt, wenn das Ding hier ist, könnte... sich unsere Lage verschlechtern.","Attendez, à y reflechir, si la chose est ici, ca pourrait empirer pour nous."
"Nein, du bist verletzt, viel zu langsam.",M'assurer qu'il vienne bien par ici.
Sie hätte es für jeden Sklaven getan.,La reine déteste la cruauté... qu'il s'agisse de n'importe qui.
"Aber das hier ist der richtige Ort, um es dir zu sagen.",C'était l'endroit rêvé pour te le dire.
"Sie sagten, sie holte das Geld selbst ab.",Ils ont dit qu'elle avait encaissé les 3 500 $en personne.
Bob würde seinen Anzug nur von dir stopfen lassen.,Tu es la seule à qui Bob ferait confiance pour s'occuper de son costume.
Willst du auch ein bisschen Wasser?,Tu en veux?
Und du bringst sie geradewegs zu uns.,Et tu nous la amené à nous.
lch habe doch alles selber gesehen.,Puisque ce que je vous dis je l'ai vu de mes propres yeux.
"Wenn du zur Familie gehörst, grab!","Si t'es un membre de la famille, alors creuse!"
Da konnten wir zusammen ein Match spielen.,Si nous jouions pour ne pas rester oisif?
Es gibt eine Zeit für alles.,Il y a un temps pour tout.
"Aber die Welt, die du geschaffen hast, die wir nicht sehen, ist auch schön.","Mais celui que tu as créé et qui nous est invisible est beau, lui aussi."
"Das erste Mal machte Spass, aber...","C'était marrant au début, mais si on continue comme ça..."
"Um dir zu sagen, dass ich tiefe Gefühle für Elizabeth habe.",Te dire que j'éprouvais de profonds sentiments pour Elizabeth.
Elin ist mit einem Jungen da drin!,C'est Elin avec un mec.
Er hat nicht nur die Körper gegessen.,Ils ont inspecté l'intérieur.
Der Typ hat wohl ein paar Bier zu viel getrunken!,"A mon avis, ce mec est pas très net."
"Sie kommen mitten in der Hochsaison, Mr Fenty, aber wir finden Hotelzimmer für euren ganzen verdammten Haufen.","Fenty, mais on va vous trouver de la place dans les hôtels."
Es ist Vetter Hugo... unser Stierkampf- Schimpanse.,"En co- vedette, notre cousin Hugo... notre chimpanzé."
"Meine ldentität, alle Geschenke des Hofes von Sparta.",J'ai perdu mes cadeaux.
Du kannst mich nicht immer retten.,Tu peux pas continuer à vouloir tout le temps me sauver.
"Du siehst aus wie eine Ballkönigin, wenn du lächelst, wie ein Mannequin.",Une vraie beauté.
Nicht der Schlaf regiert diese Welt!,Le sommeil ne gouverne pas ce monde!
"Entschuldigung, ich weiß, das ist nicht in Ordnung.","Excuse- moi, je sais que ce n'est pas correct."
"Wir müssen das aufnehmen,... damit du deinen Kindern zeigen kannst, dass du dabei warst.",Il faut I'enregistrer pour le montrer à tes enfants et dire que tu y étais.
"Eine einzige Delle, der geringste Kratzer, und sogleich werden die zuvor erwähnten Konsequenzen sicherlich uns betreffen","La moindre éraflure, la moindre dépression, et les répercutions que j'ai énoncées précédemment, ne manqueront pas de survenir..."
Dein Geruch lässt deinen Freund herkommen,Il m'a obligée à regarder.
"lhr habt hemmungslos Blut vergossen, weder Mitleid noch Erbarmen gezeigt.","Vous avez répandu tant de sang, vivant sans merci ni pitié!"
lnnerhalb von zwei Wochen bist du ein verlassener Anspruch.,"Dans deux semaines, tu es une possession abandonnée."
"Er hat sich mit Gefühlen herumgeschlagen, die ihre Ursache in Ihren ehelichen Schwierigkeiten hatten.","Il se bat avec un sentiment de trahison, découlant de vos difficultés conjugales."
"Ja, aber er ist kein besonderer Freund von mir.","Oui, mais il n'est pas tellement mon ami."
Zum Glück haben Sie den nicht geheiratet.,Quelle chance de ne pas l'avoir epouse!
"Wenn der kaputt ist, seh ich alt aus.",Comment ça va?
"Der Hohepriester sagt, dass selbst die Götter sich bekämpfen.",les dieux eux- mêmes se battent.
"Sir, die Frauen flehen Sie demütigst an... den Gefangenen zu schonen.",Ces femmes vous supplient humblement de libérer le prisonnier!
"Und du verrätst ihnen, wo ich bin.","Rendons- nous à Gethsémani, assure- toi qu'ils m'y trouvent."
"Ein Trakt fürs Personal, vor Ende dieser Nacht.",Ils auront une annexe pour les domestiques avant la fin de la nuit.
"Hatte ich dir nicht gesagt, du sollst Iris in Ruhe lassen?",Je t'ai dêjà dit de laisser Iris tranquille.
Der Patient hat Zwangsvorstellungen und... potentielle Mördertendenzen.,Le sujet peut souffrir de névrose obsessionnelle avec tendances homicides.
Er kann nicht in unsere Welt kommen.,"Mais il ne peut pas traverser, Beeman c'est impossible de traverser"
"Es wäre viel wichtiger, das Tor auf der Erde zu vernichten.","Je suis bien d'accord, Jackson."
"Sie dachten, Sie könnten den Planeten Spaceball überlisten.","Alors, Princesse Vespa, vous pensiez que vous pourriez surpasser les forces de la Planete Spaceball."
Ich kann es ihnen nicht verweigern.,Nos soldats ont mérité cette joie.
"Während ich in Löchern wie diesem auf seiner Spur bleibe, werdet ihr reich, indem ihr ihn informiert.",Je me suis donné assez de mal pour traquer Gondorff pendant que vous vous enrichissiez en nous trahissant.
"Rumschreien, blöd reden und hilflose Tiere fertig machen.",ll doit être occupé... à martyriser une pauvre bête sans défense.
"Wenn Sie das Mutter erzählten, würde sie mir glauben.","Dites- le à ma mère, elle me croira peut- être"
"Und wenn du was Ungewöhnliches hörst, lässt du es mich wissen.",Si il y a quelque chose d'anormal..... vous me prévenez
"Victor, komm hervor damit mein dummer Bruder dich sieht.","Victor, montre- toi à mon idiot de frère"
Du hast doch eine Menge ldeen.,T'as plein d'idées!
Wisst ihr...... zum Mardi Gras wollte ich schon sechs oder sieben Mal.,J'ai dû partir pour le carnaval six ou sept fois... sans jamais dépasser la frontière de l'état.
Ich lass es bei einer Warnung bleiben,Vous ne comprenez rien à tout ça.
Unser Essen ist seit zwei Monaten geplant.,Ça fait 2 mois que j'attends ce dîner!
"Sie werden die ganze Nacht essen und tanzen, auf dem Dach des Ritz von Gotham.",Festivités toute la nuit sur le toit du prestigieux Ritz- Gotham.
Was ist das für 'n Licht in deinem Mund?,T'as quoi dans la bouche?
"Oh ja, die ist wirklich süß.","Oui, elle est très gentille."
Sie sind hochempfindlich und dürfen nie... einem stärkerem Licht als diesem ausgesetzt werden.,La lumière ne doit jamais être plus forte que celle- ci
"Guten Abend, besuchen Sie uns wieder!",Catastrophe s'il contacte la Gestapo.
lch höre ein seltsames Rumpeln unter der Erde.,J'entends d'étranges grondements provenant du sous- sol.
Und jetzt wollen Sie nicht gehen.,"Aujourd'hui, vous ne voulez plus partir."
Du hast mich in den Arm genommen.,Tu m'as pris dans tes bras.
"Im dritten Stock, wo ich sie vielleicht nicht gehört hätte.","J'aurais pu m'installer... au 3e, où je ne les aurais pas entendus."
"Schreiben Sie lhren Namen, dann weiß ich alles über Sie.",Ecrivez votre nom et je vous dirai tout.
"Dumm, dass das hier nicht der Sportkanal ist.",Dommage que ça n'était pas pour le championnat du monde de Sports.
"Ich dachte, Lucy bringt mich um.",Lucy va me tuer.
"Fällt man im heiligen Krieg, kommt man ins Paradies.","S'ils meurent pour une guerre sainte, ils vont au paradis."
"Was ist mit dem Ring, den Yoghurt dir gab?",Et cette bague que Yogurt t'as donné?
Aber du musst dich nicht fürchten,Tu n'as pas à avoir peur.
Das ist doch nicht Ihr Ernst!,Vous n´etes pas sérieux!
Klar bilde ich mir nur ein er spricht,"Criez pas, où je vous plombe la gueule."
Möcht ich dich zur Himmelspforte enführen,Je t'emmène au Pays de I' Amour
Diese Aufnahmen sind eine halbe Stunde alt.,Ces images ont été filmées il y a une demi- heure.
"Du warst der beste Hirte, denn du hattest keine Schafe.",Tu étais le meilleur berger parce que tu n'avais pas de moutons.
"Sie hört nicht auf, bis sie uns getötet hat.",Elle nous tuera
Sei still oder ich bring dich um.,"La ferme, ou je vous tue."
Können wir nicht wieder so leben wie vorher?,On ne peut pas vivre de nouveau tous les trois?
"Sie trampelt auf mir herum, aber trotzdem liebe ich sie. """,Elle me méprise.
Gegen welchen Prominenten würdest du gern kämpfen?,Quelle célébrité combattrais- tu?
Diese U- Bahn liess ihre Haut erkalten.,"Ensuite, l'approche... et le coup!"
"Vielleicht wusste er, dass er tot ist.",ll savait qu'il était mort.
"Was machen Sie hier in New York, Lieutenant Dan?",Qu'est- ce que vous faites ici à New York?
Sei eine gute Mutter... für die beiden.,"Sois une bonne mère"" pour eux """
"Ich bringe uns sicher hier raus, und wenn ich...",Je vous jure que je vous sors de là si je...
Ach! trügt mich die Freude nicht?,La joie ne me trompe- t- elle pas?
"Hör mal, gib mir den Goldkurs der Pariser Börse.","Combien cote l'or à la Bourse de Paris, ce matin?"
Was bringst du ihm als Nächstes bei?,Qu'est- ce que tu vas apprendre à ce garçon?
"Vergiss nicht, du warst weder in Tunnels noch im Saloon.","Rappelle- toi, tu n'as été dans aucun tunnel ni aucun saloon."
"Ich kann gar nicht fassen, dass es wahr ist.","Faites preuve d'énergie, on est pas des gonzesses!"
"Weißt du, das ist gar nicht so einfach zu sagen.",Difficile à résumer.
Mami kann nicht die ganze Zeit bei dir bleiben.,Maman ne peut pas être toujours avec toi
Sie haben es doch selbst befohlen.,Mais c'est vous qui...
"Aber jetzt sind wir an der Reihe, sein weises Wesen gegen die giftigen Pfeile des Lebens zu schützen.",Mais sa sérénité exige de nous un rempart contre les flèches de ce monde.
"Sie können uns manipulieren, aber nicht in unsere Dimension gelangen.","Ils peuvent nous manipuler, mais pas passer dans notre dimension"
"Es gab Räucherlachs und Artischocken, aber das war uns völlig egal.",On s'en foutait.
Ich wollte die Hauptrolle so sehr.,J'aurais été bien moins bonne.
"Drei Krüge Bier, und Sie können immer noch nicht fragen.",Trois bocks de bière et tu n'oses pas.
Was hast du vor? lch spiel den Köder.,Où vas- tu?
"i>Die letzten Meter, Vale of Tears führt um sechs Längen... </ i>","Démolisseur est en tête, avec six longueurs d'avance,"
"Seid ihr sicher, was ihr da sagt?",Etes- vous sûrs de vos accusations?
"Ich muss mein Land schützen, manchmal vor seinen eigenen Fehlern.","Mon boulot est de protéger mon pays, parfois de ses propres erreurs."
"Ihr habt mit dem Kissen gespielt, als ob nichts passiert wäre.",Vous jouiez comme si rien ne s'était passé
"Also, Elizabeth, wir wollen hier vernünftig sein.","Bon maintenant, Elizabeth, essayons d'être raisonnable."
Zu Beginn der heutigen Kommunion...... möchte Chloe ein paar Worte sagen.,Chloé aimerait dire quelques mots.
"Lass mich mit dir gehen, ich kann helfen.","Laisse- moi te suivre, je peux t'aider."
"Wenn ich Hilfe nötig habe, dann bitte ich selber darum.",Je ne t'ai rien demandé
"Sie sollten sich da raushalten, falls Sie wissen, was gut für Sie ist.",Ca ne te regarde pas.
Also können wir noch grausamer werden.,Alors mettons le paquet.
"Du bist jung, ruiniere dein Leben nicht!","Jimmy, tu es jeune, tu vas gâcher ta vie."
Vom Eiffelturm muß sie heute nachmittag ganz toll sein für dich und Dr. Alembert.,Ce sera encore plus beau de la Tour Eiffel avec le Dr Alembert cet après- midi!
Aus einer möglichen Zukunft... von Ihrem Standpunkt aus betrachtet.,D'un futur possible... de ton point de vue.
"Entweder hat er Ärger, oder er kriegt welchen.","Je veux dire que, soit il a des problèmes, soit il va en avoir."
"Die Dinge, die man besitzt, besitzen einen am Ende.",Ce que tu possèdes finit par te posséder.
"Das Geld, das ich euch gerade gab, ist eine Menge für mich.","Ce que je vous ai donné, c'est beaucoup d'argent pour moi."
"Ich glaub auch nicht, was gestern Nacht passiert ist.","Moi, j'ai passé une nuit incroyable."
"Na, das ist doch mal was.","Ah, on progresse..."
"Wakané, Kélétigui und Mamadi... haben alle vor meinen Augen desertiert.","Wakhané, Kélétigui et Mamadi ont tous déserté sous mes yeux."
"Wenn wir hier bleiben, werden wir nicht stören.","En ne bougeant pas d'ici, nous ne le gênons pas."
Ich bin Zoodirektor und schatze Ihre Hilfsbereitschaft und Kuhnheit.,J´apprécie votre amabilité et votre courage.
Und trotzdem bezahlen wir nie die Miete.,Le loyer est trop cher.
"An der Haustür war kein Schloss, seit die Polizei oder sonst wer sie eingetreten hatte.","Fenêtres condamnées, pas de serrure sur la porte d'entrée, probablement virée parla police."
Denn du wirst kein Gesicht mehr haben.,Tu seras méconnaissable.
Fang am Ende von Nummer vier an.,Commence au bout du numéro quatre.
"Doch dass lhr sie so kurz nach seinem Tode tragt, wollte ich nicht wahrhaben.","Mais les porter sitôt après sa mort, comment y penser?"
Aber er redete nur mit mir,"À tout à l'heure, Kevin."
"Da wär ich gar nicht so sicher, sie war ziemlich scharf drauf.",Elle aimait ça.
"Als Letztes sagte sie heute Morgen, dass ich Sie mitbringen soll.",Elle m'a bien dit ce matin de m'assurer que vous reveniez avec moi.
Wer will schon als Elastigirl einkaufen gehen?,"Qui voudrait faire ses courses en Elastigirl, vous pigez?"
Obwohl ich zum Teil auch aus meinem eigenen Leben berichte.,"Une œuvre de fiction, même si j'y ai mis beaucoup de ma vie..."
"Wir sind da, wenn wir da sind.",On arrivera quand on arrivera!
Das ist keine Arbeit für Ehemänner.,Les époux ne font pas ce travail.
"Ich bin dir sehr dankbar, lieber Gylfi.","Merci, je savais que je pouvais compter sur toi."
Sie hat meine Mutter damit fast zu Tode geängstigt.,"Elle terrorisait ma mère, à la faire mourir."
"Du findest das lustig, aber für Dämonen klingt das wie Fingernägel an der Tafel.","Oui ça te faire rire, mais pour les anges déchus c'est comme des ongles sur un tableau noir."
"Wenn du der Herr bist, dann musst du mich taufen.","Si tu es le Maître, c'est à toi de me le donner."
"Wohin er auch geht, wen er auch sucht, es ist uns bekannt.","Où qu'il aille, quoi qu'il cherche, nous le saurons."
Aber manchmal gibt uns irgendwas erst den entscheidenden lmpuls.,Mais parfois par moment quelque chose se présente qui nous donne juste le bon petit coup.
Du hast mir schon genug Ärger gebracht.,Tu m'as attiré assez d'ennuis comme ça.
"Herr Direktor, 2 Decken fur Sie.","Monsieur le directeur, prenez 2 couvertures."
"Was hältst du davon, wenn wir bei Santa Rosa rausfahren... und uns Sanford angucken, ok?",Si on sortait à Santa Rosa Road pour commencer par le Domaine de Sanford?
"Hidetora zu verschonen, verrückt oder nicht.","L'erreur, ce fut d'avoir épargné Hidetora, même fou."
"Nein, ist ok, es hört gleich auf.",Encore une nuit tragique:
"Also Jungs, das heisst, wir gehen nirgendwohin.","Vous voyez, les mecs, on a des chances de crever ici."
Aber natürlich glaubt Ihr mir nicht.,"Tu ne me crois pas, naturellement."
Eure rechte Hand ist ein zweiköpfiges Ungeheuer!,"C'est un monstre à deux têtes, votre bras droit!"
"Sie kann tun, was sie will, es ist egal",Elle les tient tous à bout de bras
Ich will nicht von ihm gestört werden.,Je ne veux pas me mettre en colère.
"Die zweite malt sich aus, was ware, wenn sie mit den Krapfen schmeisen wurde.",La seconde pensera á l´effet produit si elle lanqait les beignets sur les gens.
Ich will nicht als Ausrede gelten!,Je vous sers d'excuse à nouveau.
"Detective Lee, ich gebe es nur ungern zu, aber der U. S. - Geheimdienst steht tief in Ihrer Schuld.","lnspecteur Lee, je dois reconnaître que nos services secrets vous sont redevables."
"Wir bluten, weil dieser russische Schrott uns geschwächt hat.",Trop faibles devant la blindaille russe.
"Wenn wir überleben wollen, müssen wir einen Tyrannen wählen.","Si on veut survivre, il y a le choix entre les tyrans."
"Ihr habt Fortschritte gemacht, habt euch die Atomkraft zunutze gemacht.",Vous savez exploiter I'énergie atomique.
"Ein alter Freund von lhnen kommt, der Führer!",Un vieil ami à vous vient à Varsovie.
"Er ging unter der Sonne und dem Mond, über Sand und Stein, sündigte, verspürte Schmerz, sehnte den Himmel herbei.","ll a marché sous le soleil et sous la lune, sur le sable et sur la pierraille, il a péché, éprouvé la douleur, aspiré au paradis."
Sie ist zu klein für eine Garnison.,C'est un coin sans intérêt stratégique.
"Vielleicht sollte ich das tun, Sir.",C'est moi qui aurait dü y aller.
Er hat dich geprüft und er ist zufrieden mit dir.,"ll t'a mis à I'épreuve, il est satisfait de toi."
Ich könnte mich an diesen Job gewöhnen.,"Ça me branche bien, ce plan super- héros."
Sie wäre die ideale Frau für Euch.,Elle serait parfaite pour vous.
da nahm das Biest den Löffel und schlug New York zu Brei.,"Malgré les moyens mis en oeuvre, le cauchemar se poursuit à New York."
Bricht dir das Herz - Wahrlich,Te voir tout à coup comme ça...
Wer hat vor lhnen schon Angst?,Qui aurait peur de vous?
Das Schiff wird sich in drei Minuten selbst zerstören.,Ce vaisseau s'auto- détruira dans 3 minutes.
Sie war keins der Rossi- Mädchen!,"Elle travaillait pour Goldstein, pas pour Rossi."
"Man weiß nie, was man kriegt.",On ne sait jamais sur quoi on va tomber.
Deine Freaks schlugen mich mit 'nem Besen!,Tes tarés au crâne rasé m'ont tabassée!
Wir waren den ganzen Krieg über an der Front.,"Depuis le début de cette guerre, on est en première ligne."
Ihre Vorgängerin redete sowieso zu viel.,La précédente parlait trop.
"Der ist Teil einer Fluglinien- Werbeaktion, die verblüffend ist.",Ça fait partie d'une super campagne de promotion.
"Man kommt nicht aus der Stadt raus, glaub mir.","On ne peut quitter la ville, j'ai essayé."
In welche Gruppe gehort denn Saturnin?,Oú classeriez- vous alors Saturnin?
"Lieutenant Dan, was machen Sie hier?","Lieutenant Dan, que venez- vous faire ici?"
Ich lasse 3 Tonnen Dynamit in 2 Minuten fallen.,Je lâche trois tonnes de dynamite en deux minutes.
"Oh, du hast noch mal darüber nachgedacht.",Et...?
Das Kind ist nicht von mir.,A qui parliez vous?
Du hast doch für mich bezahlt.,Tu as payé pour moi.
"Und dann sagst du, es sei mir egal.",Tu dis que je ne veux pas écouter.
Welche Art Mann... denkt ständig an Fledermäuse?,Quel genre d'homme a des chauves- souris au plafond?
Dieser Typ hatte etwas Ärger mit eurem Teamspielern.,Cet homme a eu un petit contentieux avec vos co- équipiers.
"Er ist irgendwie hohl, schwammig, überreif und viel zu...","Il est plutôt creux, mou et surmûri."
"Anhand ihrer schönen Trikots und freundlichen Gesichter, kann man ihre Ehrlichkeit und Sportsgeist erkennen.",Ils respirent la loyauté et le fair- play.
"Ich habe heute auch mit der Agentur gesprochen, die sagen, dass du dort nicht mehr arbeitest.","Écoute, j'ai parlé à l'agence aujourd'hui et ils disent que tu n'y travailles plus."
In dem Restaurant habe ich die Toilette demoliert.,"J'avais bien démoli les toilettes, au restaurant."
"Irren ist menschlich, aber darauf beharren ist diabolisch!","L'erreur est humaine, mais y persister, cela est diabolique!"
Gibt' s neue Mädchen auf der Straße?,Tu as vu une nouvelle fille ces derniers jours?
Ein Elitemitglied des Barcelona Jet Set.,Un membre éminent de la jet- set de Barcelone.
"Ich tu' s für dich, John.","Pour vous, John."
"Hey, Baby, was suchst du da?","Hé, bébé, qu'est- ce que tu fais?"
W- l- L- C- O- X. Im dritten Stock.,Au 3ème étage.
Nehmen Sie die Fotos von der Hure und hauen Sie ab.,Prends les photos de ta pute et barre- toi.
Eine schöne Erinnerung an sorglose Tage,Elle leur rappelait une époque plus légère
"Sagen Sie, was Sie über De Pablo wissen.",Dites- moi ce que vous savez sur De Pablo.
"Sie glauben, die menschliche Seele zu finden, indem sie unsere Erinnerungen verstehen.",Ils pensent découvrir l'âme en comprenant comment fonctionnent nos souvenirs.
"Was mich kümmert sind Magazine mit Prominenten,...... 500 Fernsehkanäle,...... ein Firmenname auf meiner Unterwäsche.","la télévision avec 500 canaux, mes sous- vêtements griffés."
"Das ist sehr lieb von dir, Gylfi.",Formidable.
"Ich bemühe mich, ich verspreche es.","Je ferai de mon mieux, je te le promets."
Zieh den kleinen Hebel und BUMM!,Tu n'as qu'à appuyer sur la détente.
Und aus Angst versteckst Du Dich im Kloster.,Et c'est par peur que tu veux te cacher dans un couvent!
"Na ja, weißt du, ich möcht mit dir... einfach abhauen.",Et bien baiser quoi.
"Das ist der Vater, das die Mutter.","Le père, la mère"
Hast du mit Mulligan die richtige Zeit ausgemacht?,Tu t'es mis d'accord sur l'heure?
Das Wasser im Fluss hat teilweise 30 Grad.,La rivière doit être à 26 degrés.
"Sieh nach, wie tief der Fluss ist.",Va jauger le niveau de la riviere.
Ein Sandsturm kommt direkt auf uns zu.,L'oeil du dieu Ra.
Er ist tot. lch weiß es.,Je le sais.
"Sie legen ihn einfach um, warum haben Sie ihn nicht erst verhört?",Vous n'auriez pas pu le surveiller?
"Weil du schon mit dem Thema angefangen hast... du bist das erste Mädchen, mit dem ich je was zu tun hatte.",Puisqu'on en parle... pour moi vous étiez la première.
"Heute besingt es dich, doch morgen wird es dich zertrampeln... und einen anderen Tyrannen besingen.","Mais demain, il te piétinera et chantera pour un autre tyran."
Das ist extrem wichtig für mich.,Je n'ai pas besoin de vous dire combien c'est important pour moi.
Zu schön für einen sterblichen Mann!,Un simple mortel ne mérite pas tant.
"Gott sagte uns, du wirst uns erscheinen.",Dieu nous a averti que tu te manifesterais à nous.
"Wie die Wunde im Mund, die heilen würde, ließe man sie bloß mit der Zunge in Ruhe.","Marla, cette petite écorchure dans la bouche qui guérirait si vous cessiez de la lécher."
So lasse dein Kind Zuflucht finden in deinem Königreich.,Accorde à ton enfant l'entré de ton royaume...
"Koumbi, du bist in der Falle!","Koumbi, tu es piégée!"
Der Traum zum Alptraum wird allnächtlich,On ressort des cauchemars parmi les rêves
Die drehen ein Video und brauchen einen Arzt.,On tourne un vidéoclip et il nous faut un médecin sur le set.
Vielleicht war das Verscherbeln von Fälschungen schlecht für die Gesundheit.,Peut être bien que de vendre des faux a été mauvais pour ta santé
Ich bin auf dem Walkie- Talkie.,Dans le talkie- walkie.
"Ich kann nicht segnen, was ich sehe.",Je ne puis bénir l'avenir que je vois.
Ich habe meine grosse Liebe gefunden.,J'ai un amour dans ma vie.
"Ich kann es noch nicht auswendig, Mami.",Je ne la sais pas encore
"Du musst was anders finden, wo du hingehen kannst.","Alors, va voir ailleurs."
"Ich hab' s. Wär doch viel einfacher, irgendwie:","Si on pouvait seulement dire,"
"Er wollte nicht Krüppel genannt werden, so wie ich nicht dumm genannt werden wollte.",Il voulait pas qu'on le traite d'infirme comme je voulais pas qu'on me traite de stupide.
"Jedesmal, wenn sich das Flugzeug bei Start oder Landung zu stark neigte,...... betete ich um ein Unglück oder einen Zusammenstoß in derLuft.",Ou pour qu'il y ait une collision.
"Sie kommen in einer Woche wieder, und dann haben wir das Ergebnis Ihres Tests.","Reviens dans sept jours... et on devrait avoir les résultats, ok?"
Die Leute erschrecken sich zu Tode.,Et ça impressionne beaucoup.
"Behalt mich im Auge, dann wirst du merken, wann du loslegen kannst.","Je m'en occupe, puis tu attaques."
Mein ganzer verdammter Platoon ist hinüber!,Toute ma putain de section est décimée!
Ich hab gerade bei euch angerufen.,Maman?
"lch weiß auch, dass Sie gut kämpfen.",Et je sais que vous savez vous battre.
Ich habe es jedem Weisen im Universum gezeigt.,Je l'ai amené à tous les sages de l'univers.
"Mami will nicht, dass wir uns trennen.",Il ne faut pas se séparer
lch erhöhe das um weitere 50.,Pas pour moi.
Die Welt muss nicht gerettet werden.,Le monde n'a pas besoin d'être sauvé.
"Sag mir doch, wo du bist!",Peux- tu me dire où tu es?
Wie sieht es mit lnfanterie aus?,ll y a de l'infanterie?
David tötete Goliath mit nur einem Stein.,"D'une seule pierre, David a abattu Goliath."
Sie haben mit sich selbst Probleme!?,Vous avez un problème avec vous- même?
"Nenn mich einfach Coco, wie alle andern.","Appellez- moi Coco, comme tout le monde."
Er wird uns in der Stadt helfen können.,ll nous servira de guide à Nancy.
Jemand im Haus sah sie dort ankommen.,Je veux juste m'assurer qu'elle va bien.
Immer noch nicht auf dem Radar.,Il ne sont toujours pas sur le scanner.
"Ich hab was für dich, Jennie- Jen.",Regarde.
"lch kriege später noch genug Melancholie, ohne mir sie zu holen.",J'aurai assez le cafard plus tard sans aller encore en rajouter.
"Ihr tut so, als würdet ihr kein Wort verstehen.",Vous refusez de comprendre?
"Papa, wir wohnen schon zwei Jahre hier.",Non.
"Sie verließ das Hotel heute früh, als Sie Dienst hatten.",Pendant votre service...
"Ich komme gleich rüber, eine Sekunde.",Je viens te voir dans une seconde.
"Das weißt du ja sicher, oder?","Mais je t'apprends rien, non?"
Es gibt nur einen Weg aus diesem Tal.,Y a qu'un moyen de sortir de la vallée:
"Deshalb frage ich Sie, wollen Sie mit Gott ins reine kommen und beichten?",Et vous confesser?
"Barry, lhre Schwester auf Leitung 1.","Barry, ta sœur sur la ligne 1."
"Vollbringe eines für uns, damit wir dir glauben können.",Fais- nous croire en toi.
Ihr Anwalt muß einen Antrag stellen.,Meme s'ils la retrouvent... ils n'ont pas le droit de communiquer son adresse sans son consentement formel.
"Longovital, ""Kräuter - und Vitamintabletten"", so ein Scheiß.","Longovital, pastilles aux herbes et vitamines."" Non, Elin..."
"Sie reden mich gefälligst als ""Eure Hoheit"" an.","Vous vous adresserez à moi en disant ""Votre Altesse Royale""."
Wir nehmen euch die Luft weg,On va prendre l'air que vous respirez
"Oh nein, die Marke von deinem Daddy.","L'insigne de ton père, je peux pas."
"Mein Alter fühlt sich in letzter Zeit nicht so gut, verstehst du?",Vous voyez?
So tief ist der Teich nicht.,Ce n´est pas une mare profonde.
Mit 13. Er baggert die Behinderten- Torten an.,Il essayait de draguer ces salopes attardées.
"Kommissar Gordon dachte, Sie könnten mir lhre Meinung darüber sagen.",Le Commissaire Gordon pense que vous aurez un avis.
Ich war noch nie in einem Flugzeug.,Je n'ai encore jamais pris l'avion.
"Wusstest du, dass die Farmer auspacken?",Vous saviez que les fermiers déballent leurs affaires?
"Jedem, dem du die Wahrheit erzählst ist tot",Je me suis trouvé cinq étalons... et la moitié du Basin City Blues venus me tenir compagnie.
"Manchmal vertut sie sich auch, aber wenn es Ärger gibt, sieh zu, dass du ihn loswirst!","Parfois elle se trompe, mais s'il y a des problèmes débarassez- vous en."
"Oder das nasse Würgen, wenn jemandem das Blut raussprudelte...",de celui qui reprenait son souffle pour cracher...
Wir werden ihn schon noch erwischen.,"Vous en faites pas, on finira par l'avoir... un jour."
"Damit kriege ich so ziemlich jeden Preis, den es beim Rodeo gibt!","Je suis bon pour décrocher tous les prix, à ce rodéo!"
Ich finde Platz.... wird sich das Wetter ändern.,"Et alors, la température subira des changements."
"Ich kümmere mich um dich, wenn du krank bist.",Je prendrai soin de toi si tu es malade.
"Bist du sicher, dass es hier zu Jazy geht?",Tu es sûr que c'est la route?
"Du willst streiten, und ich bin froh, dass du noch lebst.","Vous allez bien, c'est tout ce qui compte."
"Der ist doch voll krank, Alter.",Mais il a toujours à bouffer.
"Du hast Angst davor, alleine zu sein.",Tu as peur d'être seul.
"Wenn er noch ein bisschen reift, wird er sehr viel runder.","Quand il évoluera, ils se dissiperont."
"Was machst du denn da, Jack?",Qu'est- ce qui te prend?
So 'n paar Sachen für so' nen Typen.,Et bien je... je fais quelques trucs pour ce type.
Bis hierher hab ich Sie gebracht.,Je vous ai conduits jusqu'ici.
"Nein, Coco hat die Tür aufgemacht.","Non, c'est Coco qui a ouvert la porte."
"Hast du verstanden, was ich gerade sagte?",T'entends ce que je te dis?
"Gut, ich sag alles, ich sag alles.",Je vais vous le dire.
Er will die Dias für den Vortrag.,Le Dr Alembert a besoin des diapos.
Also man nennt mich Konzentrationslager- Ehrhardt!,"Vraiment, on m'appelle ""Camp de concentration Ehrhardt""?"
Und frage dich Wenn du noch willst,Et te dis Tu as gagné
lch muss das zum Hotel bringen.,Je dois apporter ça à l'hôtel.
"lch glaub, da oben ist keiner.",Ça n'a pas d'importance.
"Und dieses Mal bestimme ich, wie er abläuft.","Cette fois, c'est moi qui organise."
"Wir sind an dem Punkt, wo wir nicht mehr wissen, was wir mit dir tun sollen.",Les choses en sont arrivêes à un stade où on ne sait plus quoi faire de toi.
"Da nur ich und Mama da wohnten, hatten wir all diese leeren Räume und Mama beschloss, sie zu vermieten, meistens an Leute, die weiterzogen, aus Orten wie Mobile, Montgomery.","Comme il n'y avait que moi et maman, on avait des chambres vides et maman a décidé de les louer, surtout à des gens de passage, venant de Mobile, Montgomery, des endroits comme ça."
Ich kenne meine Berufung noch nicht.,Je ne connais pas ma vocation.
"Jede Woche gab Tyler die Regeln aus, die er undich entschieden hatten.","Chaque semaine, Tyler annonçait nos règles."
Und die können Sie mir schicken.,"Et elle, je peux?"
"lch weiß, dass ich störe, weil Sie sich so gut selbst amüsieren... aber jetzt beginnen wir mit der Show, die gehört eben dazu.",Mais on a un petit spectacle.
"Ich bemühe mich, vorsichtig zu sein.",J'y vais doucement.
Sie bekamen Angst und rannten fort.,lls ont pris peur et se sont enfuis.
"Vielleicht, sollte jemand einen Arzt rufen oder so","Tandis que je marche, à travers la vallée de l'ombre de la mort..."
"Alles was jetzt geschieht, geschieht jetzt.",Tout ce qui arrive maintenant arrive maintenant.
"Ich weiß nicht, was gestern geschah.","Moi, je ne sais jamais ce qui s'est passé la veille."
Er hat mir seine Karte gegeben.,Il m'a donné sa carte.
"lch weiß nicht, wo die Deutschen sind!",Je ne sais pas où sont les Fritz!
ED IM TRUCK SIEH DIR DIE ÜBERTRAGUNG AN,MESSAGE POUR ED ACTIVE TRANSMISSION CFXI
Wie könnt ihr da die 2. Halbzeit spielen?,Et vous voulez jouer la seconde?
i>Lady Scout Zweite und Miss Petrina Dritte. </ i>,Sentinelle en deux et Miss Petrina en trois.
"Sind Sie bereit, dem Geheimdienst zu helfen?",Aiderez- vous les services secrets?
"Das wirst du, wenn die Geschichte... vollendet ist...",Tu sauras tout quand l'histoire sera consommée...
Hier kriegen wir nie was zu essen.,Je boufferais bien un morceau.
"Nicht nur das, ich komme mit ich schütze meine lnvestition.","Je viendrai aussi, pour protéger mes intérêts."
Du weißt doch von diesem Mädchen überhaupt nichts.,Tu ne sais rien d'elle.
"lch sah Bäume, Zäune, Akazien, Alleen.","Avec des arbres, des haies, des acacias, des allées."
"Nun, das ist nicht so einfach, wie es klingt.",C'est moins facile qu'il n'y paraît.
"Sie sagten doch, sie sei ermordet worden.",Vous disiez qu'elle avait été assassinée.
Wie oft masturbierst du am Tag?,Tu te masturbes combien de fois par jour?
"Guck hier, die haben auch einen Pinot.","Écoute, ils ont un Pinot Réserve."
Seh ich aus wie Chicken George?,Ai- je l'air de l'Oncle Tom?
Ich setze meine Maschinerie in Bewegung.,Je vais mettre la machine en marche.
So kann man nicht mehr spielen.,Qu'est- ce que c'est que cette façon de shooter!
"Die Stellung um jeden Preis halten?""",Tenir à tout prix?
Du bist jetzt in der Armee!,T'es à l'armée!
"Kaya Maghan ernannte mich zum Armeechef, um mich über ihren Verlust hinwegzutrösten.",Kaya Maghan m'a nommé chef des armées pour me consoler de la perte de ma fille.
"lst es so amüsant, uns weinen zu sehen?",C'est si drôle de nous voir pleurer?
"Ich dachte, Sie sollten es wissen.",Je devais vous le dire.
Kann ich dich... ein letztes Mal fragen?,Puis- je te le demander une dernière fois?
"Hennessy, Beeman, das waren auch mal deine Freunde, weißt du das noch?","Hennessy, Beeman, c'étaient tes amis aussi, tu te rappelles?"
"Wie viele andere, warich zum Sklaven des Ikea- Nestbauinstinktes geworden.","Comme bien d'autres, j'étais devenu esclave du trip IKEA."
Regel Nr. 2 des Fight Club ist:...... Man redet nicht über den Fight Club!,Deuxième règle du Fight club: on ne parle pas du Fight club.
"Mein Herr, das Banner gehört zum Oberhaupt des Clans.",la bannière suit le chef du clan.
Sie haben das Konzert aus dem letzten Jahr wiederholt.,Le concert a été enregistré il y a 1 an.
"Dein Arsch macht sich am besten schon mal warm, pass mal auf, so.",C'est ce que je vais faire contre ton cul.
Sie ist mit einem Haufen Geld durchgebrannt.,Elle est partie avec beaucoup d'argent.
"Der Mob, es wird wieder wie früher","Tiens, quand on parle du loup."
Es ist nur ein unverdienter Ruf.,C'est une réputation usurpée.
"Das ist schön zu hören, aber unwichtig",Ca fait plaisir mais ça compte peu
Besser lief es vor dem Petersdom,Pourtant à Saint- Pierre elle attirait tous les regards
Irgendwie fiel mir Pingpong sehr leicht.,"Je sais pas pourquoi, le ping- pong m'est venu naturellement."
Ich traf Victor und er bot mir ein schönes Leben.,"J'ai rencontré Victor, et il m'a montré la belle vie."
"Komm einfach heute Abend, Crapgame, dann zeigen wir es dir.",Tu verras!
"Ich mag dich und will nicht, dass dir wegen mir was zustößt.","Je tiens à toi, je ne veux pas qu'il t'arrive malheur à cause de moi."
Willst du sonst noch etwas von mir wissen?,Veux- tu me poser d'autres questions?
Ich hab 'dich du kleiner Bastard.,Regarde les têtes sur le mur.
Das Leben vieler Menschen wird nie mehr so sein wie früher.,N'oublions pas tous ceux dont la vie a été bouleversée.
Bist du mit Markus im gleichen Kurs?,"Désolée, mais je préfère être heureuse maintenant."
"Die Jungs denken, ich hätte ihre Familie getötet.",lls pensent que j'ai tué leur famille.
Du kommst nicht durch den Sturm.,Si elle s'arrête.
"Es heisst, sie wurden intelligent - eine neue Form der Intelligenz.",Une nouvelle forme d'intelligence.
"Erst wollte er einen Cowboyhut, dann einen Safarihelm.",Le chapeau de cow- boy est devenu un casque colonial.
Es ist wegen der Handtasche... die sie in meinem Büro vergessen hat.,Je voudrais le lui envoyer et la rassurer.
Sie hatten Dutzende von Leben schon zuvor.,Vous avez eu des tas de vies avant celle- ci.
"Majestät, die Stadt ist in Alarmbereitschaft.","Majesté, la ville est en état d'alerte."
"Dies ist ein Beispiel für den neulichen Wandalismus in unserer Stadt,...... der irgendwie mit Untergrund- Boxclubs zu tun hat.",liés aux clubs de boxe clandestins.
"Was ich nicht gemacht habe...... ist mich mitten in der Nacht mit Ochsenfröschen unterhalten, du Narr!",Une chose que je ne faisais pas... c'est de parler aux crapauds au milieu de la nuit.
"Dwight, was zum Teufel hast du mit ihm gemacht","T'as encaissé sans broncher, alors qu'il te suffisait de piquer mon flingue."
Und es gab immer etwas zu tun.,Et il y avait toujours un truc à faire.
"Nygma- Tech"" bringt Ihnen den Genuß von 3- D Unterhaltung ins Haus!","Avec Nygma Tech, la joie du spectacle 3- D dans votre salon!"
"Wenn ich Würmer fangen musste, habe ich sie einfach herausgelockt.","Pour attraper mes vers, le meilleur moyen, c'était de les appâter."
Und dann war Jenny einmal nicht im Schulbus.,"Et cette fois- là, Jenny n'était pas au bus pour l'école."
Erinnerst du dich an den Plan?,Tu te rappelles le plan?
"Alle Hoffnung zu verlieren, bedeutete Freiheit.",Perdre tout espoir m'avait libéré.
Das ist das Haus meines Vaters!,Ceci est la maison de mon Père!
Wir machen einen Ausflug zu meiner Hutte.,On va faire une balade á mon chalet.
"lch wette, du hattest niemanden, dem du was vormeckern konntest.",Tu as personne comme moi avec qui discuter.
"Als wir klein waren, haben wir uns manchmal Nachrichten geschrieben.",ont se laissé souvent des messages...
"Nein, das kommt nicht in Frage.",Il n'en est pas question.
"Da Sie die Tür aufgemacht haben, sollten Sie sie auch wieder schließen.","Tu as ouvert la porte, il fallait la fermer, c'est tout."
"Ich habe dir bereits gesagt, das Volk braucht einen Helden.",le peuple a besoin de héros.
Ich wollte es vor seiner Abreise melden.,Je devais vous prévenir avant le départ du professeur.
Und ohne den kann ich nicht leben!,Et je ne peux pas vivre sans!
"Hör mal, sie ist 14, und du bist 17.","Elle a 16 ans, oui."
"Gondorff bläst alles ab, wenn er hört, dass das FBI drinsteckt.","Si Gondorff apprend qu'on est sur le coup, il va remballer l'affaire."
"Ich wette, ihr 2 küsst euch nicht!",Ils sont tellement beaux.
"Oh, Scheiße. lch glaub, die kommen her.",Je te rejoins.
Du kannst so gut mit Worten umgehen.,Tu as le sens des mots.
Was würdet ihr an meiner Stelle machen?,Que ferais- tu à ma place?
"Glauben Sie, mein Volk möchte nach 360 Jahren Sklaverei mit 500- $- Chips zurück auf die Baumwollfelder geschickt werden?!",On a subi 362 ans d'esclavage pour être renvoyés dans les champs avec des jetons de 500$?
"Tja, ganz sicher bist du nicht hergekommen, um dich an einer mitfühlenden Schulter auszuheulen.","Bon, je suis sur que tu n'est pas venu ici pour trouver une épaule sympathique pour pleurer dessus"
"Alltägliche Bürger, alltägliche Helden. </ i>","Ils vivent parmi nous, tels des citoyens ordinaires."
Nach einer halben Stunde kam ich raus.,Après une demi- heure de vol à l'estime j'ai débouché sur un espace découvert.
"Wie gesagt, dein Buch hat mir wirklich gefallen.","Et comme je t'ai dit, j'ai vraiment adoré ton roman."
Jeamnd hat gut bezahlt für diesen Hinterhalt,Quelqu'un a dû allonger un paquet pour monter un coup pareil.
Sie schlafen nicht... sie sind tot.,Ils sont morts
"Sie sprechen mich niemals mit ""Sie"" an.","Ne m'adressez jamais la parole en disant ""vous""."
"Aber ich bitte Sie, mich John zuliebe als Ihren Freund anzusehen.","Ca doit être pénible pour vous, mais pour le bien de John, voyez en moi un ami."
Ich weiss nicht... was an diesem Tag über mich kam.,J'ignore ce qui m'a pris ce jour- là
"Dort, auf dem Schreibtisch meines Vaters, das rote Buch.",le livre rouge.
"Die Symbole der äusseren Reihe, die Sie versucht haben zu übersetzen,","Alors, à I'extérieur en cercle..... ces figures- là, que vous aviez prises pour des mots,..... que vous vous êtes efforcés de traduire, étaient en fait..."
Sie waren so cool mit der Pistole.,"Ca vous allait bien, le pistolet."
i> - Warum haben wir so viel Kram?,Pourquoi a- t- on autant de trucs?
"Ich war bereit, mich mit jedem anzulegen.",Je m'affichais devant leurs visages hostiles.
"Du wirst mir bestimmt fehlen, Schätzchen.",Je vais me sentir seule.
"Laszlo... wenn wir zurückkommen, musst du dich versetzen lassen.",Je gagnerai son respect.
"Sagen Sie, dass Sie der Besitzer der Bubba- Gump- Shrimps- Corporation sind?",Vous êtes le propriétaire de la marque Bubba- Gump?
"Sartorius ist da, Gibarjan ist tot.",Guibarian est mort.
"Diese Harte- Kerl- Masche mag bei manchen ziehen,","Votre numéro de gros dur peut plaire à des filles,"
Es war woh / Schicksa /.,C'était le destin.
"Siehst Du, Königin, wie England Dich liebt.","Vois, ô M ajesté, C omme l'Angleterre t'adore."
Wenn ich Ihnen nur kurz erklären dürfte...,"Laissez- moi une seconde, je vais vous expliquer..."
Und sie findet es voll geil!,Tu me les gonfles!
"In ""Rush Hour 3"" spielt der nicht mehr mit.",ll sera pas dans Rush Hour 3.
Packt das ein und geht wieder rein!,Rassemblement à I'intérieur.
"lkoma und Ogura, lhr habt viel getan für die lchimonjis in diesen schweren Zeiten.",Vous avez bien travaillé pour les lchimonji en ces temps troublés.
Außerdem wirst du die nächsten 24 Stunden sowieso nichts zum Anziehen brauchen.,"D'ailleurs, pendant les 24 heures qui viennent... inutile de t'habiller."
Sie führte mich herum und stellte mich ihren neuen Freunden vor.,Elle m'a fait visiter et m'a présenté à ses nouveaux amis.
"Unwichtig, die Geschichte nimmt ihren Lauf.","Quoi que tu fasses, l'histoire suivra son cours."
Los! lch muss Sie hier rausbringen!,Sors d'ici!
"Carly, das war doch alles nur Scheiß!","Carly, Je déconnais."
"Also gut, wenn du meinst, aber ich weiß nicht.","Je suis pas si sûr, mec."
"Brauchst du nicht, es ist egal.",Je vais lui parler.
"Wir verkauften reichen Frauen ihre eigenen, fetten Hintern wieder.",On revendait aux riches clientes leur propre graisse.
"Ich merk schon, was hier abgeht.",J'ai compris...
Den Panzer hier zu lassen und zu Fuß zu gehen.,"Le char au trou, les mecs a pied!"
Die grösste Verwüstung seit dem Anschlag aufs World Trade Center.,Cet acte de destruction n'a d'égal que l'attaque du World Trade Centre.
Werden wir uns je wieder sehen?,Nous reverrons nous jamais?
"Predige mir nicht, was richtig oder falsch ist!",Ne me faites pas de sermon!
Mein Herr hat mir alles erzählt.,Monseigneur m'a tout raconté!
"Wie kommen die dazu, uns Kiffer zu nennen?",J'arrive pas à croire qu'ils nous ont appelés les baiseurs.
"Sie gehören zu denen, die mir folgten.",T'es avec ceux qui me suivent!
Seht ihr? $25 ist doch billig.,25 $.
"Aber Yoghurt, was ist das für ein Ort hier?","Mais, Yogurt, quel est cet endroit?"
Das Schicksal des Landes ist in unserer Hand.,Le sort du pays est entre nos mains.
"Sie muss gesäubert, gut geölt und aufgezogen werden.","l'entretenir, la graisser et la remonter."
"Nein, sie hat sie nicht gesehen.",Non elle ne l'a pas vue.
Kommen Sie später vorbei und ich verrate es Ihnen.,Revenez plus tard et je vous le dirai.
Logistik kommt uns schon zur Nase raus!,"J'en ai jusque- là, de la logistique!"
"lch habe Scotch und die Strümpfe, die Sie wollten.",J'ai ton scotch et les bas nylon.
"Wir senden live, direkt von hier.",On va émettre d'ici.
"Das war alles, was ich begehrte",Même si tout I'univers imaginait le contraire
Ich bin auch in Los Angeles.,Moi aussi.
Er sprang auf mich wie ein wilder Vogel und krallte sich in meinem Kopf fest.,ll me sautait dessus comme un rapace et plantait ses serres dans ma tête.
Bald ist es auch damit vorbei.,Pas de quoi me faire cirer les pompes.
Du versuchst nun schon seit einem Jahr diesen Baum zu trimmen.,Tu as déjà passé une année entière à élaguer cet arbre.
"Scheiß drauf, sonst komme ich nie mehr rein"".","Je vais lui faire vite son affaire ""."
Ein Schritt näher zum wirtschaftlichen Gleichgewicht.,Un pas de plus vers l'équilibre économique.
Am liebsten hab ich sie frittiert als Nuggets.,"Je les aime frits, façon nuggets."
"Nur um zu hören, ob' s einen Unfall gab auf dem Mulholland Drive.",Juste pour voir s'il y a eu un accident sur Mulholland Drive.
Ich hab dir so viel zu sagen!,J'ai tant à te dire.
Ich löse unsere geschäftliche Beziehung etwas früher auf.,Je mets fin à notre coopération.
"Oh Göttin, lass mich unsterblich werden durch deinen Kuss, und Nektar und Ambrosia speisen.",Nous vivrons de nectar et d'ambroisie.
"Ich kürze ab um Jackie Boy abzufangen, der den Hügel hinauf brettert","Mettez- moi aussi une douzaine de ces tuyaux en caoutchouc,"
"Ist immer noch Rekord, stimmt' s?","C'est toujours le record, non?"
"Na, dann wollen wir uns alle mal hinsetzen!","Non, non ça va."
"Ich hoffte, dass sie mit dem, was sie tat, glücklich war.",J'espérais que ce qu'elle faisait la rendait heureuse.
"Wir haben telefoniert, weisst du das noch?","Tu m'as parlé, tu te rappelles?"
"Wir können nicht warten, bis es dunkel ist.",Impossible d'attendre la nuit!
"Wenn Du glauben könntest, das dich jemand liebt, jemand Liebe ist, dann ginge es dir besser.","Si tu pouvais croire qu'il y a quelqu'un qui t'aime, tu te sentirais mieux."
"Wir bewachen Sie, wenn Sie schlafen.","On cuisine tes repas, ramasse tes ordures, connecte tes appels, conduit tes ambulances, veille au grain quand tu dors."
Bis jetzt hast du vier und ich nur zwei.,"Pas tout le cerveau. ça t'en fait quatre et moi, deux."
"Miles, vielleicht ist es besser, wenn du nicht zur Hochzeit kommst.",Ne viens pas.
Alles Weitere besprechen wir morgen früh.,On décidera pour le reste demain matin.
Sie rannten eben durch einen Haufen Hundescheiße!,Tu viens de marcher dans une grosse merde de chien!
Möcht ich dich Zur Himmelspforte entführen,Je t'emmène au Pays de I' Amour
"Wenn Mami... das merkt, bist du dran.","Si maman te pince, attention"
"Ich habe das Gefühl, dass sie zurück zu sich gefunden haben.",Je les sens qui reviennent.
Ich wollte nicht mit Ihnen ausgehen und Ihnen etwas verheimlichen.,Je veux pas aller trop loin avec toi en te cachant quelque chose.
Ich liebe ihn und all das Zeug und...,"Je l'aime bien, malgré tous ces trucs- là."
"Vielleicht ist das schwer zu glauben, aber manchmal schauen wir Engel auf euch nieder und beneiden euch.","Tu le trouveras peut- être dur à croire, mais parfois nous les anges regardons les hommes et vous envions."
"Ich denke, du solltest heim nach Greenbow, Alabama!","Je crois que tu devrais rentrer à Greenbow, en Alabama!"
lch will mir da gar keine Hoffnung machen.,Je me fais pas de film.
Und deinem Goldfisch baue ich ein Bassin!,Et une piscine pour ton poisson rouge.
"Nôi, ich zeig dir 'nen Trick, der immer funktioniert.",Tu flashes sur aucune nana?
Ich hab euch Chips und Limo gekauft.,J'ai acheté des chips et des boissons.
Wir hielten die Welt in unseren Händen.,Nous avons eu le monde entre les mains.
"Kämpfe gehen so lange, wie nötig.",les combats vont jusqu'au bout.
Und daran hast du gut getan.,Il m'a agressé.
"Er sagt, dass da oben ein Wagenzug feststeckt.",Il dit qu'il y a un wagon de train bloqué par là- bas.
"Wo wuchsen Sie auf, im Schweinekogen?",On t'a élevé à l'écurie?
"Sag Dreifinger- Sweeney, ich bezahle ihn nächste Woche.",Dis à Sweeney Trois- doigts que j'le payerai la semaine prochaine.
"Das Schlangenei ist sauber und weiß, das Spatzenei fleckig und grau.","Sale et gris, I'oeuf du moineau!"
Es gibt nur eine Frau auf dieser Welt.,ll n'y a qu'une seule femme au monde.
"Möchten Sie, dass wir die ganze Sache abbrechen?","Est- ce que c'est... ce que vous attendez de nous, tout abandonner?"
Sie sagt Ihr Name sei Goldie,Elle dit qu'elle s'appelle Goldie.
"Ich fand den Mörder, aber er war besser als ich","Mon fils, nous sommes dans maison de Dieu."
Jenny kam zurück und blieb bei mir.,Jenny était revenue et est restée avec moi.
"Josef, Liebster, ich schwöre, ich weiß nicht, wer es ist.","Jozef mon cœur, je te jure que je ne sais pas qui c'est."
"Abendessen ist fertig, wenn Sie wollen.","Le dîner est servi, si vous voulez manger."
lch wäre in den Staaten und würde Bomben prüfen.,A trier des cartouches!
Gott hat dich zu etwas ausersehen.,Dieu a un plan pour vous.
Auf einer langen Zeitschiene...... sinkt die Überlebensrate eines jeden auf null.,le taux de survie de chacun tombe à zéro.
Der heutige Versuch wird an folgenden Orten vorgenommen:,L'expérience de ce soir se déroulera dans ces endroits...
"Mein Freund teilte mir gerade mit, dass die Gewehre dort sind, okay?",D'accord?
"Na ja, vielleicht sollte ich jetzt...","Je devrais rentrer, maintenant."
Einer von euch muß Batman kennen.,L'un de vous sait qui est Batman.
Die Wahl liegt bei Ihnen. </ i>,Vous pouvez mettre à profit votre talent... ou continuer d'espionner la fréquence radio de la police.
Und dann brauchen die zu lange oder nicht lange genug zum Kommen.,"Puis ça leur prend trop longtemps, ou pas assez pour jouir."
"lch bin nicht so ein Mädchen, wie du dir mich vorgestellt hast.",Je ne suis pas celle que vous croyez.
"Saburo ist direkt, vielleicht auch respektlos.","Messire Saburo est vif, voire irrespectueux."
"Und warum kommst du nicht rüber und zeigst mir, wo' s ist?","Pourquoi est- ce que vous ne venez pas me montrer, alors?"
Nimm' s ihr nicht übel Du bist genauso,Et toi tu fais pareil
"Schätzchen, du bist ein gutes Mädchen, aber du erzählst mir Märchen!","Coco, c'est quelqu'un de bien."
Du und Moose besorgt alte Autos.,"Trouve des voitures, on va s'amuser ce soir."
"D och grausam floh auch die Wolke in das glückselige Land, das mich früher nährte.",Le sol aimé qui m'a nourrie.
"Schliesst eure Augen und... versucht, es euch vorzustellen.",Fermez les yeux pour essayer de l' imaginer
"Vorsicht, als Kiffer kriegt man leicht Ärger.","Et gaffe hein, les baiseurs."
Sie wird heute wohl im NASA sein.,Elle devrait être au Nasa ce soir.
Oder ist alles nur eine Frage von Glück?,"Es- tu quelqu'un qui voit des signes, des miracles, ou penses- tu que c'est la chance qui décide?"
"Die Menschen ziehen Schmerz der Freude vor, sie setzen Leiden über Frieden.",la peine plutôt que la paix!
Ich denke unheimlich oft an dich.,Je pense beaucoup à toi en ce moment.
Aber Faith kam nicht damit klar.,Mais Faith ne pouvait pas s'arrêter.
Da gibt anscheinend jemand ein Paket ab.,Quelqu'un lui livre un paquet.
Im zentralen Hirnbereich muss ein Selbstzerstörungsmechanismus sein.,Il doit y avoir un mécanisme d'auto- destruction dans la zone du cerveau central.
"Empfangen vom Heiligen Geist...... geboren von der Jungfrau Maria, gelitten unter Pontius Pilatus...... gekreuzigt, gestorben und begraben.",Est descendu aux Enfers.
"Sie denken, ich will sein Geld?",Vous croyez que j'en ai apres son argent?
"Ich rate Ihnen auch nicht, ein Formular WS2475 auszufüllen und in der Rechtsabteilung einzureichen.","Je ne peux pas non plus vous recommander de remplir le formulaire WS2 475 et de le donner à notre service juridique, au 2ème étage."
"Häng das zur Batman- Ausrüstung, wo es hingehört.","Rangez ça avec le Batcostume, c'est sa place."
"Ich dachte, ich hätte einen König geheiratet.",Je croyais avoir épousé un roi.
"Also hab ich gedacht, wir gehen vielleicht wandern.",On va se faire une petite balade.
"Man sah, dass sie für ihren Körper was macht.",Elle prend soin d'elle.
"Sterbe ich, gibt es nach den Regeln nur einen Ort, an den ich gehen kann.","Quand je mourai, la loi dit qu'il n'y a qu'un endroit où je puisse allez et un seul."
y: i} Roxy war sein ganzes Leben ein Ganove.,Roxy avait passé sa vie à calculer que 2+2=5.
"Wir sind genau wie andere, wir lieben den Gesang, den Tanz, wir bewundern schöne Frauen, wir sind menschlich.",Nous admirons les jolies femmes.
Wieso stehst du eigentlich so auf Ungeziefer?,Qu'est ce que tu a avec les insectes?
Oder schalte ich ihn aus und riskiere alles?,Et une paire de gants matelassés pour éviter... de me trancher les doigts.
Sie sollten jetzt zum Flughafen fahren.,Vous devriez aller à l'aeroport.
"lch fange an...... zu glauben, dass du hier Stammgast wirst.",Je commence à croire que tu es un habitué de la maison.
Davon haben wir Gary nämlich gar nichts gesagt.,On n'en a jamais parlé à Gary.
Willst Du immer noch mit uns kämpfen?,Tu veux toujours te battre?
Es klang mehr nach Nahem Osten.,Plutot du Moyen- Orient.
Er hatte die Stimme... eines Engels,J'avais un visage... maintenant j'ai un nom.
Du hast sie wohl nicht alle.,"Mais, t'es cinglé ou quoi!"
Wir haben halt einen Fehler gemacht.,On a fait une erreur.
Bestimmt bist du in Rattenscheiße getreten.,"Tu fouettes, t'as dû marcher dans une crotte de rat."
Sia muss fürs ganze Land sterben.,Sia doit mourir pour tout le pays.
"lch meine, du bist gerade dabei, dir hier eine fette Chance zu versauen.",Tu fous en l'air une belle occase.
Nur er kann den Herrn retten.,Lui seul le sortira d'ici.
"Afghanische Frauen, verwandelt euren Schmerz zu Stein!","Femmes afghanes, que vos peines se fassent pierres!"
"Du wirst bestraft und tust, was ich sage.",Tu es punie et tu fais ce que je dis
"und dass es mir wirklich sehr Leid tut, wie sich die Dinge entwickelt haben.",Combien je suis désolé de la tournure des évènements.
"25 Jahre sind so lang, das kann man sich nicht vorstellen.","Tu pourrais te réjouir de voir que tout n'est pas facile pour toi, car les gens sans problèmes deviennent souvent inintéressants."
"Ich werde tun, was ich kann, aber ich kann es nicht als Priorität behandeln.","Je verrai ce que je peux faire, mais ce n'est pas une priorité."
Bestätigen Sie bitte den Termin um 13 Uhr fürs Essen im Jules Verne im Eiffelturm.,"Veuillez confirmer déjeuner ce jour, 13 h, restaurant de la Tour Eiffel."
Um wie viel Uhr macht ihr zu im...?,"T'as fini tard, au Kali...?"
Vielleicht ist sie nur weggefahren oder hat das Land verlassen.,Elle est peut- être partie en voyage ou a quitté le pays.
"lhr müsst zugeben, das ist echt cool.","Allez, avouez que c'est plutôt cool!"
Ich will diesen Namen nicht hören!,"Du calme, patron."
Das ist ein Gartenzwerg im Bademantel!,C'est un nain en peignoir!
Euer Vater kämpfte für England auf der Seite der Guten.,"Votre père s'est battu pour l'Angleterre, avec les bons"
"Auf dem Antlitz dieser Tyrannin ist die grausame Verurteilung, die schreckliche M ißgunst zu sehen.","Le féroce sentence, La terrible malice."
Es ist alles für den Moment.,C'est pour le présent.
"Ich verbinde Sie mit einem hübschen Mädchen,... wenn Sie mir Ihre Kreditkarten- Nummer geben, samt Ablaufdatum.",Je vous branche sur une belle fille... si j'ai votre numéro de carte de crédit et sa date d'expiration.
Nimm Daskal und lass uns gehen.,Descends Daskal et laisse- nous filer.
"Hast du einen Namen, oder soll ich dich Bats nennen?","Vous avez un prénom, ou je dois dire ""Bats""?"
Ich bin weder boshaft noch schadenfroh.,Je ne suis ni malveillant ni méchant.
"lch erwarte von euch, dass ihr gehorcht!","Allez vous tous, obéissez!"
"Anne, erinnerst du dich an die Geschichte von Justus und Pastor?",Te rappelles- tu l'histoire de Justus et Pastor?
"Es war gut, dass Mama sich ausruhte, denn die Straßen waren überfüllt mit Leuten, die sich die Statuen und Denkmäler anschauten, und manche waren laut und zudringlich.",Et certains étaient bruyants et vulgaires.
"Ich bitte für nichts um Vergebung, das ich nicht getan habe.","Je demanderai pas pardon, j'ai rien fait"
lch werfe dich aus diesem Haus!,Je t'ordonne de sortir de cette maison!
"lch weiß, es gibt einige Sachen, die ich getan habe, auch dir angetan habe.","Je sais que j'ai fait des choses, spécialement à toi."
"Willie, kannst du mich für ein paar Tage unterbringen?","Willie, tu peux m'héberger pour quelques jours?"
"Niemand ausser mir hält die Kiste am laufen"" hat Sie gesagt","Non, chéri. tu viens de faire la pire connerie de ta vie."
"Geh zur Toilette, öffne das Fenster und warte auf mich.","Ecoutez- moi: allez à la salle de bains, ouvrez la fenêtre et attendez."
"Ein anderer Grund, weshalb ich dich nicht schon früher angerufen habe, ist, dass ich dein Buch erst mal auslesen wollte.","L'autre raison, c'est que je voulais finir ton livre."
"Sie hat gesehen, wie er mich verprügelt hat.",Elle m'a vu par terre.
Ich möchte am liebsten Model werden.,Mais je préférerais devenir mannequin.
"Ja, ich bringe dich nach Pelagos.","Oui, je vais t'emmener à Pélagosa."
"Ich weiss, dass du es bist! </ i>",Je sais que c'est toi!
"Mr Sansweet bat nicht darum, gerettet zu werden.",Il ne voulait pas qu'on le sauve!
"Aber je mehr ich zurückdenke, desto mehr löst sich alles auf.",Rien ne semble vrai.
Die packen die Kostüme ein und fahren ab,On emporte les costumes.
"Ein langes Wochenende, kühle Margaritas, nur du und ich am Strand allein, der Sonnenuntergang, ja?","Margaritas, nous deux seuls sur la plage au coucher du soleil."
Trotzdem waren sie auf die Hilfe eines Künstlers angewiesen.,Mais il leur fallait quelqu'un pour les aider.
"Wer hat euch Mistkerlen erlaubt, mein Haus zu benutzen?","Enfoirés, qui vous a permis de venir chez moi?"
Das hab ich noch niemandem gesagt!,Je le traduis pour personne.
"Und für Hermann, den Feldmann, war auch was mit drin",Et un autre pour Hermann
Ihr beide hättet also gelogen und Christus verleugnet.,"Vous auriez donc menti, renié le Christ"
"Nein, ich bringe ihn nicht zu einem Verhör her.","Non, je ne le convoquerai pas."
Weil ich gerade den letzten Karton ausgepackt habe.,Parce que je viens de déballer le dernier carton.
Sonst mach ich einen Gürtel aus dir!,Ou je te transforme en ceinture.
Du hast mit ihr über mich geredet.,Tu lui as parlé de moi.
"Muß schön sein, Chase zu verfolgen.",Une chasse qu'on vous donnerait volontiers.
Diese Schlüssel fand ich in meiner Tasche.,Ces clés étaient dans ma poche.
Dass ich sie rette von was Sie sich fürchtet und Sie weit weit weg nehme,Que je la protégerai et que je l'emmènerai loin.
Die Geduld der Priester hat ihre Grenzen.,La patience des prêtres a des limites.
Deshalb bist du jetzt hier draußen?,C'est pour ça que t'es ici?
Vulkanerde ist mit die fruchtbarste der Welt.,La terre volcanique est une des plus riches au monde.
An dieser Geschichte bin ich offenbar selbst Schuld.,C'est ma faute.
Ansager) Hier ist eine besondere Attraktion.,"Mesdames et Messieurs, regardez bien!"
lch kann für Sie Besuche bei Takahashi arrangieren.,Vous pourrez rendre visite à Takahashi.
Jetzt läuft er auch noch wie ein Verrückter.,"Il a pas de tête mais il a des jambes, ce petit."
"Sieh mal an, vielleicht sollten wir uns mal treffen.","On devrait se rancarder, un jour!"
Dads bester Freund geht an die Arbeit.,"On va la jouer serrée, comme au cinéma."
"Wenn wir gegen das Gesetz verstoßen, sind wir wie die Ungläubigen.","Se déshonorer en le tuant, c'est n'etre pas mieux que I'infidele."
Die Schlagzeilen - das grösste Polizeikommando in der Geschichte Kaliforniens ist derzeit im Einsatz.,y: i} La plus grande mobilisation policière {y: i} de l'histoire de la Californie {y: i} est en cours.
Hört sich das besser an für Sie?,C'est mieux?
"Festhalten, Waldi, wir machen uns auf die Weltraumsocken.","Accroche toi, Barfo, on va faire une trainée spatiale."
Wieso hast du kein Wort gesagt?,Vous descendez sans me le dire?
"Fleisch, Haut, Haare, Blut - für Cyborgs gezüchtet.","Chair, peau, cheveux et sang créés pour les cyborgs."
Kaya Maghan hat dich bereits abgesetzt.,Kaya Maghan t'a même déjà destitué.
Sei nicht traurig oder überrascht Laß uns befreundet bleiben,Ne joue pas la surprise affligée soyons civilisées
"Hätte ich in Santa Maria Land gekauft, wenn ich ´ne Chance gehabt hatte... hätte ich ein Vermögen damit gemacht, wenn ich das...","Si j'avais investi là- bas quand je le pouvais, j'aurais fait fortune à l'arrivée de..."
Bringt sie ihn mit zu der Hochzeit?,Elle l'emmène au mariage?
"Halten wir es mal zehn Minuten lang sauber?""","C'est possible de ne rien salir pendant 10 min?"""
Was war das für ein Geräusch?,"C'était quoi, ce bruit?"
Wer hat dann Ihrer Meinung nach die Pyramiden erbaut?,J'ignore qui a bâti les pyramides...
"Du rennst in die Nacht hinein, um ein anderes Gesicht zu finden, und noch eins, bis du eines schrecklichen Tages merkst, daß Rache der Inhalt deines Lebens ist, ohne zu wissen weshalb.","Alors, tu cours dans la nuit, cherchant un autre visage, puis un autre... jusqu'au matin terrible oû tu prends conscience que la vengeance est devenue toute ta vie, et tu ne sais pas pourquoi."
"Namen, die Titel der Besitzer, Listen der Opfergaben.","Noms propres, titres honorifiques, Listes d'offrandes."
lch möchte jetzt auch niemanden sehen.,"Certes, j'avoue que je m'eusse passé de visiteurs aujourd'hui."
"y: i} Hier war Troja vor 3. 000 Jahren, {y: i} eine Stadt des Schicksals, {y: i} die den Hellespont beherrschte, {y: i} der heute als die Dardanellen {y: i} bekannt ist.","y: i} Troie dominait l'Hellespont, {y: i} l'actuel détroit des Dardanelles."
Nächste Woche setzen wir 400. 000 $.,"La semaine prochaine, on jouera 400 000 $."
Sie versuchen den Kanal zu verlegen!,lls essaient de remonter le canal.
"Möglich, dass ich ab und zu mal solche Bilder betrachtet habe.",Je dis pas non...
Haben Sie das von der Strasse gestohlen?,Tu l'as volé dans la rue?
"Ja, da hat es auch wehgetan.",Ça fait toujours aussi mal.
"Egal, wenn wir ihn dadurch ein paar Tage los sind, oder?","En tous cas, on aura la paix trois jours."
"Ich möchte an euer Ehrgefühl appellieren, Afghanistan zu rächen.",J'en appelle a votre honneur pour venger I'Afghanistan.
"Connor auszuschalten, hätte das nicht geändert.",Tuer Connor ne servait plus à rien à ce moment.
Ich habe kürzlich ungewöhnliche Seelenwanderungen beobachtet.,J'ai vu un trafic d'âmes inhabituel ces derniers temps
"Und Sie denken, der Teufel sei dafür verantwortlich?",Et vous pensez que le Diable est responsable?
"Ich hätte draußen mit meinen Männern sterben sollen, aber jetzt bin ich nur noch ein Krüppel, eine Missgeburt ohne Beine!","Maintenant, je ne suis plus qu'un putain d'infirme, un cul- de- jatte."
Jetzt ist mein Leben nur noch eine Uberraschung nach der anderen.,Ma vie est á présent pleine d´expériences de surprises et d´histoires nouvelles.
Du bist nicht mehr ganz bei dir!,Tu es complètement défoncé.
"Sie geben sich nicht zu erkennen, weil es...... eine ungeheure Panik gäbe.","lls ne se montrent pas, parce que s'ils le faisaient... ça causerait une panique générale."
"Die ganze Schule wird erfahren, was du für eine bist.",Toute l'école va apprendre quel genre tu es.
"Mr. Harper, Sie haben uns genug geholfen.","Harper, vous nous avez assez aidés."
"Du sagtest ihm, daß du früher kommst.",Tu l'as prévenu de ton arrivée.
So werde ich für meine Sünden bestraft.,"Je suis puni pour mes péchés, c'est ça?"
Aber ich hab' s nicht geschafft.,Rien n'a marché.
Wirst du mit dem Tourismuskram aufhören und die Hotels suchen?,Saute ces conneries et passe aux hôtels!
Die Zeit wartet nicht auf mich!,L'heure tourne!
Hat deine Schwester wieder eine Geschichte erzählt?,Ta soeur t'a raconté des bêtises?
Vielleicht können wir ja heiße Rezepte aus ihm rausleiern.,Peut être qu'il voudra bien nous faire des fausses ordonnances à son retour.
"Allzu vorsichtige Frauen verpassen viel, Andraste.",La femme prudente se prive de bien des joies.
Als wichtiger deutscher Geheimdienstler solltest du uns von Nancy erzählen können.,"Alors, Colonel, vous pourrez nous renseigner sur Nancy."
Ich bin so stolz auf dich.,Je suis très fière de toi.
"Wir packen zusammen und verschwinden, bevor eine deutsche Patrouille kommt.",On ramasse tout et on file avant que les Allemands ne se montrent.
"Jemand sagte, der Weltfrieden sei in unserer Hand, aber ich spielte nur Pingpong.",Mais je n'ai fait que jouer au ping- pong.
"Es ist nass, kalt und wir sind unter starkem Beschuss!",ll pleut de l 'eau et des bombes!
Ayabe und ich haben alles gesehen und gehört.,"Ayabe et moi- même avons tout vu, tout entendu."
"Dieser Scheißer versucht seit Äonen, aus dem Schatten seines Vaters zu treten.",Cette petite ordure essaye de sortir de l'ombre de son père depuis la nuit des temps
i>Es gewinnt Wrecking Crew. </ i>,"Démolisseur, Parlabas et Polisson."
"Es war völlig nackt, wie ein Neugeborener.","L'enfant était complètement nu, comme un nouveau- né."
Ich habe mit Pfarrer Hallmar gesprochen.,J'ai parlê au pasteur.
"Wir fahren auf dem Broadway, biegen rechts in die 34ste Strasse.",Tourne à droite dans la 34th Street.
"Wenn du es schaffst, dass dein Hackentritt wieder kommt, dann glaube ich... wäre die Verteidung undurchdringbar!",Je crois... que la défense serait infaillible!
"Ich will nicht mit Gewalt hierher zurück, verstehen Sie?",Je ne vais pas rester plus longtemps.
"Was möchtet ihr alles getan haben, bevor ihr sterbt?",Qu'aimeriez- vous avoir fait avant de mourir?
Nur ein Engel oder ein Hund würden das tun.,"Cela, seul un ange ou un chien en serait capable."
"Man kann herumkommen auf dieser Welt, mit Pudding.",On peut aller dans le monde entier avec le pudding.
i>Dafür zahlen wir Ihnen das Dreifache lhres Jahresgehalts. </ i>,"Si vous acceptez, vous recevrez le triple de votre salaire actuel."
"Ich hab dir gesagt, dass jemand im Zimmer war und wurde dafür bestraft.",Je t'ai dit qu'il y avait quelqu'un et tu m'as punie!
"lch bin dermaßen nutzlos, dass ich´s nicht mal schaffe, mich umzubringen.",Trop dérisoire pour pouvoir même me tuer.
Und du kennst meine Eltern nicht.,Et toi mes parents!
"Wie lange, Trojaner, sollen wir leiden?",Combien de temps va- t- on souffrir?
"Lady, Sie haben eine Bombe da drin!",ll y a une bombe chez vous!
"Hast du versucht, mich wieder reinzulegen? lst das der Grund?",C'est ca? -
Ich rufe Präsident Skroob an und geb ihm Bescheid.,Je vais appelerSpaceball City et prévenir le President Skroob.
"Wo ist denn meine Blume, Boss?","Et ma fleur, patron?"
"Ich versuche nur, dein Freund zu sein.",J'essaie juste d'être ton amie.
"Es sieht aus, als gäbe es keine Brücken mehr.",ll ne reste aucun pont debout.
"Hauptsache, unser Sohn ist zurück, mein liebes Kind.","Mon fils est revenu grâce à toi, cela suffit."
Er kam und zeigte mir den Weg.,Il est descendu pour me montrer la voie.
"Ja, aber wohl zu indirekt, denn ich habe verloren.","Oui, mais j'ai été trop délicate, parce que j'ai échoué."
"lch glaube, wir sollten hier warten.","Nous devons attendre ici, je crois."
Gemäß den Gesetzen von Moses und lsrael.,Selon la loi de Moï. se et d'lsraël.
"Wenn ich' s dir erzähle, würdest du...","Si je te disais qui c'est, tu deviendrais..."
"Meinst du nicht, dass es für so einen Kommentar ein bisschen zu früh ist?",Tu te trouves pas négatif un peu vite?
So was bewegt sich in unseren Kreisen,Cette grâce impose sa loi
"Weisst du, mein Laden ist sehr berühmt für sein leckeres Brot.",Mon magasin était renommé pour ses petits pains vapeurs.
"Moment, Mama will mit dir reden.","Attends, maman veut te parler."
"Wenn wir uns mit der Richtung vertun, könnten wir im Weltraum landen.","Oui, c'est prodigieux."
"Die kleine Lydia sagte genau das gleiche... als ihr klar wurde, dass wir drei tot waren.",La petite Lydia a posé la même question quand elle a compris que nous étions morts
Und ändern Sie die Kombination an meinem Gepäck.,Et changez la combinaison de mes bagages.
Nehmt eure Bajonette... und geht Kelly entgegen!,Sortez vos ba?? ïonnettes et avancez vers Kelly!
Sie sollen sie vor Mittag hinbringen.,Au palais des congrès avant midi.
Und spielen Sie das nie wieder ab.,"En fait, ne repassez jamais ça."
"Seitdem ich diese Krankheit habe, habe ich keine Kontrolle über mich.","Depuis que j'ai cette maladie, je n'arrive plus à me contrôler."
Du siehst wirklich gut drin aus.,Vraiment.
Warum sollst du als Einziger darin verwickelt sein?,Pourquoi serais- tu le seul incriminé?
"Da dieser Bösewicht seine Taten... mit Rätseln signiert, gaben ihm die Gothamiter den Spitznamen ""Riddler"".","Ce nouveau criminel signe ses méfaits par des devinettes, tout Gotham l'appelle l'Homme Mystëre."
Er schürt die lchimonjis gegeneinander auf und reißt sich Euer Land unter den Nagel.,Il attise la guerre entre les lchimonji et il s'empare de leurs terres.
"Der Film basiert nicht auf der Realität, sondern ist eine fiktive Entdeckungsreise durch den ewigen, spirituellen Konflikt.","Ce film part non des Evangiles, mais de cette exploration imaginaire d'un conflit spirituel de toute éternité."
Wie kann es so was geben?,Comment peuvent- ils faire ça?
Aber das hier könnte sie belasten.,Mais cela va la compromettre.
lch habe sie seinen Leuten gegeben.,Je les ai remis à ses gens.
Deine Habgier ist Schuld an allem.,Ton avidité est la cause de tout.
"Die Leute wussten gar nicht, wie ihnen geschah.",Personne n'a compris ce qui se passait.
"Nein, es ist in meinem Zelt.","Non, elle est dans ma tente."
Was soll daran so besonders sein?,Je n'en sais rien.
Zu jeder Tages - oder Nachtzeit.,"Quand tu voudras, jour et nuit."
"lch fürchte, daß Snaut und Sartorius hereinkommen.","Snaut et Sartorius, ils vont venir..."
Ich werde den Panzer in die Luft jagen!,J'exige d'etre celui qui fera exploser le tank!
"Woher wusste Stephanie, dass es am Samstag ist?",Qui lui a dit que c'était samedi?
Aber ich war ein kleines Kind.,Mais je n'étais alors qu'un enfant.
"Es wurden zwei zugelassen, aber erst, nachdem Gouverneur George Wallace seine Drohung, die Schule zu verbarrikadieren, wahr machte.",Deux nègres ont été admis mais seulement après que le gouverneur George Wallace ait symboliquement barré la porte d'entrée.
"Es tut mir Leid, aber laut Paragraph 17 ist der Schaden nicht gedeckt.","Je suis désolé, Mme Hogenson, mais notre responsabilité civile est bien expliquée au paragraphe 17."
Die Namen der Opfer lauten wie folgt:,Voici leurs noms:
"Wir müssen noch mal halten, ich sage lhnen, wo.",Nous nous arrêterons en route.
"Siehst du, wie unglücklich sie sind?",Vois- tu combien ils sont malheureux?
Geh mir nicht an die Haare.,Ne me decoiffe pas.
"Willst du, dass ich dich bemitleide?",Tu veux m'apitoyer?
"Meinst du, wir sollten uns zurückziehen?",Tu crois qu'on devrait se replier?
"Na komm, die Nase kennt es.",Le nez connait.
Haben die denn Marmelade ubrig gelassen?,Ils nous en ont laissé?
Man muss ihn nur wieder auftreiben.,Je pense qu'il suffit de le retrouver.
"Ist jetzt Mittagspause, oder warum gehen alle...",Il y a un buffet...?
"Es ist die Aufgabe der lnfanterie, die Stellung zu halten!",C'est à l'infanterie de tenir!
"Tut mir Leid, das zu hören.",Merci
"Also, es ist alles ganz einfach.","C'est pas compliqué, ici."
"Möchten Sie das zerstören, was wir nicht begreifen können?",Et détruire ce que nous ne sommes pas encore fichus de comprendre?
"Wenn etwas schief geht, und du kommst nicht wieder...",Si tu devais ne pas revenir...
Man ließ mich an einem Seil über den Nazi- Panzern herab.,Mes camarades me mettaient a une corde au sommet des blindés nazis.
"Es macht euch Jungs Spass, Kung- Fu im Fussball anzuwenden und dann ins Finale zu kommen.",Et de décrocher comme une fleur la finale.
Dem kleinen Forrest geht es gut.,"Le petit Forrest, il va très bien."
"Passen Sie gut auf sich auf,...",Et faites attention à vous.
"Verstehen Sie, was ich gesagt habe?","Vous comprenez ce que je vous ai dit, mon père?"
"Ich nehme es, wie es kommt.",Je prends ce qu'on me donne.
Man soll uns hier nicht sehen.,Mettons- nous à l'abri.
"Nicht ganz, ich hoffe sogar sehr, dass ich Hitler nicht treffe.","Pas vraiment, et j'espère qu'il ne me saluera pas!"
"Nein, ich weiß nicht einmal, was das für ein Film ist.",Je ne sais même pas de quoi parle ce film.
"Aber der, den ich neulich hatte, der auch noch Scheiße war, Fehlschlag!","Mais un autre mec que j'ai baisé, c'était une erreur."
"Er versprach, ein Messias des Volkes würde kommen...",ll a promis qu'un Messie issu du peuple
Was zum Teufel soll das heißen?,Ça veut dire quoi?
"Wartet ihr, bis das Ding gelaufen ist?",Vous attendrez que l'opération soit finie?
In dem Zimmer dort steht ein Sofa.,Il y a un divan dans l'autre pièce.
"Erst reisse ich dir die Knöpfe einzeln von der Bluse, dann fahre ich mit meiner Zunge deinen Hals hinunter zu deinen Brüsten!","y: i} J'arracherai les boutons {y: i} de ton chemisier un à un, {y: i} ma langue glissera sur ton cou {y: i} vers tes seins nus."
Es gibt immer ein 1. Mal.,ll y a toujours une première fois.
"lhr seht nicht aus, als ob ihr aus dieser Gegend wärt.",Vous n'avez pas l'air d'être du coin.
"Das ist keine Liebe, sondern Sport- Sex.",C'est une baiseuse.
Holen Sie meinen Koffer im Gepäckraum.,La valise que j'ai fait descendre.
"Siehst du, endlich erkennen Sie dein Talent an.",Tes compétences sont enfin reconnues.
"Und dann, in der Wüste, wenn die Sonne aufgeht, wusste ich nicht, wo der Himmel aufhörte und die Erde anfing.","Et dans le désert, quand le jour se levait, je ne voyais pas où s'arrêtait le ciel et où commençait la Terre."
"Regel Nr. 1 ist, ich soll nicht darüber reden.",la première règle... est de ne pas en parler.
"Du willst dein Leben geben, damit sie zum Himmel auffahren kann?",Est tu es disposé à perdre la vie pour qu'elle gagne le paradis?
"Ich würde sagen, bringen Sie Norma Wilcox eine Kopie lhrer Police.",J'aimerais vous conseiller de donner une copie de votre contrat à Norma Wilcox.
"y: i} Jeff, ich brauche dich auf meiner Seite.",J'ai besoin de toi.
Er wird der neue Verkünder werden.,ll allait être la Nouvelle Alliance.
Du musst mit Ray reden und das klären.,"Tu dois parler à Ray, il faut résoudre ça."
Aber er muss uns hier rausbringen.,Nous avons besoin de lui pour nous sortir de là.
Der Weg nach Berlin ist sehr lang.,Elle doit leur durer jusqu'à Berlin!
Herr Direktor wunscht Ihnen alles Gute und schickt ihnen einen Cognac.,Le directeur vous souhaite une santé de fer et vous envoie du cognac.
"Zieh dich aus, halt' s Maul, Harold.",Je m'en fous.
"Statt auf eine Gesprächslücke zu warten, um selbst reden zu können.",D'attendre de pouvoir prendre la parole.
So weit lass ich' s nicht kommen.,Je la mettrai jamais.
Für sie tötete er tausend Mann.,lui fit tuer mille hommes.
Ihr Amerikaner... habt es immer so eilig.,"Vous, les Américains, vous êtes toujours pressés."
Wie kannst du mir das antun?,Comment peux- tu me faire une chose pareille?
Die Militärmaschine hatte scheinbar eine brisante Ladung.,sans doute à cause de la cargaison militaire très sensible.
So hast du mich lange nicht mehr genannt.,Vous ne m'avez pas appelé ainsi depuis longtemps.
Er sollte nicht so zu mir reden.,Me parler sur ce ton!
"Also, worum geht' s denn gerade?","Alors, tu es sur quoi la?"
Ich hab dir heute etwas besorgt.,Je t'ai trouvé un cadeau.
Die Angst wurde uns genommen von unseren heldenhaften Soldaten.,Nos peurs ont été dissipées grâce aux efforts de nos soldats.
"Du hast überhaupt nicht verdient, ein Mensch zu sein.",Tu ne mérite pas d'être humain
"Na Sarah, wie geht' s denn so?",Comment ça va?
"Hören Sie, ich verstehe, dass Sie sich Sorgen machen.",Je comprends que vous vous inquiétiez.
"Und was hältst du von dem hier, Miles?",Tu le noterais comment?
"Ich denke, wir sollten nun unsere eigentliche Stärke zeigen.",Il est temps de leur sortir notre grand jeu.
"Hören Sie, ich habe lhren Namen auf dem Revier gehört.",Je connais les cercles où vous évoluez.
"Hör auf, Sie spielt nur mit dir","C'était ma soeur, laisse- moi l'achever."
"Das ist nicht das übliche Spiel, ich fühle es.",Il s'agit d'autre chose que le jeu habituel.
"Nur für euch, für euch alle",Nous déposséderons I'oligarchie pour votre seuls!
"Soll ich sagen, ich habe die größte Story des Krieges verpasst?",Je rentre en me disant que j'ai raté le plus beau reportage?
"Glaubst du, wird so sein, wie man sagt?","A ton avis, ce sera impressionnant?"
"Wenn er schon da ist, dann ist es wirklich wichtig.","S'il a insisté pour venir quand même, la question doit être d'importance."
"Aus Angst, du könntest mir entgleiten",J'ai peur de te voir t'en aller
"Ich wollte dich nicht mit reinziehen, aber es geht nicht anders.","Je ne voulais pas t'y mêler, je n'y peux rien."
"Bist du jung, gibt' s nicht viel, das zählt.","Quand t'es jeune, rien n'importe."
